player_name,team,bats,lineup_slot,recent_hr_form,hard_hit_pct,barrel_pct,pull_pct,fly_ball_pct,iso,hr_pa,recent_hits,recent_hr_streak,pitcher_name,pitcher_hand,hr_allowed,opp_fly_ball_tendency,pitcher_split_weakness,hard_contact_allowed,barrel_rate_allowed,pitcher_fatigue,bullpen_quality,wind_speed,wind_direction,temperature,humidity,air_density,park_name,park_hr_factor,park_lhb_boost,park_rhb_boost,short_porch,dome,implied_total,moneyline,projected_ownership,leverage_score_seed,start_time_bucket,game_id,position
Starling Marte,KC,R,5,1.0,42.0,10.0,40.0,38.0,1.5,0.045,2.0,0.0,George Kirby,RHP,18.0,0.35,RHB,0.34,0.07,0.2,0.55,9.0,out,75.0,50.0,0.97,Unknown Park,1.0,1.0,1.0,0,0,3.5,-105.0,0.12,0.5,mid,824109,
Salvador Perez,KC,R,5,0.09,42.0,10.0,40.0,38.0,0.2,0.045,7.0,0.0,George Kirby,RHP,18.0,0.35,RHB,0.34,0.07,0.2,0.55,9.0,out,75.0,50.0,0.97,Unknown Park,1.0,1.0,1.0,0,0,0.125,-105.0,0.12,0.5,mid,824109,
George Springer,TOR,R,5,0.5,42.0,10.0,40.0,38.0,0.2,0.045,7.0,0.0,Paul Skenes,RHP,18.0,0.35,RHB,0.34,0.07,0.2,0.55,9.0,out,75.0,50.0,0.97,Unknown Park,1.0,1.0,1.0,0,0,4.5,-105.0,0.12,0.5,early,822814,
Ildemaro Vargas,ARI,R,5,0.171,42.0,10.0,40.0,38.0,0.2,0.045,1.0,0.0,Michael Lorenzen,RHP,18.0,0.35,RHB,0.34,0.07,0.2,0.55,9.0,out,75.0,50.0,0.97,Unknown Park,1.0,1.0,1.0,0,0,0.3472222222222222,-105.0,0.12,0.5,early,825080,
Mike Trout,LAA,R,5,0.28194117647058825,42.0,10.0,40.0,38.0,0.06666666666666665,0.045,7.0,0.0,Nathan Eovaldi,RHP,18.0,0.35,RHB,0.34,0.07,0.2,0.55,9.0,out,75.0,50.0,0.97,Unknown Park,1.0,1.0,1.0,0,0,0.6235294117647059,-105.0,0.12,0.5,early,824030,
Bryce Harper,PHI,R,5,0.3245,42.0,10.0,40.0,38.0,0.2,0.045,7.0,0.0,Slade Cecconi,RHP,18.0,0.35,RHB,0.34,0.07,0.2,0.55,9.0,out,75.0,50.0,0.97,Unknown Park,1.0,1.0,1.0,0,0,0.3333333333333333,-105.0,0.12,0.5,mid,823458,
Eugenio Suarez,CIN,R,5,0.2966666666666667,42.0,10.0,40.0,38.0,0.2,0.045,1.0,0.0,Andre Pallante,RHP,18.0,0.35,RHB,0.34,0.07,0.2,0.55,9.0,out,75.0,50.0,0.97,Unknown Park,1.0,1.0,1.0,0,0,0.6666666666666666,-105.0,0.12,0.5,early,824518,
Nolan Arenado,ARI,R,5,0.2516111111111111,42.0,10.0,40.0,38.0,0.17647058823529413,0.058823529411764705,3.0,1.0,Michael Lorenzen,RHP,18.0,0.35,RHB,0.34,0.07,0.2,0.55,9.0,out,75.0,50.0,0.97,Unknown Park,1.0,1.0,1.0,0,0,0.5751633986928104,-105.0,0.12,0.5,early,825080,
Christian Walker,HOU,R,5,0.3085714285714286,42.0,10.0,40.0,38.0,0.14285714285714285,0.045,2.0,0.0,Colin Rea,RHP,18.0,0.35,RHB,0.34,0.07,0.2,0.55,9.0,out,75.0,50.0,0.97,Unknown Park,1.0,1.0,1.0,0,0,0.7142857142857142,-105.0,0.12,0.5,early,824674,
Mike Yastrzemski,ATL,R,5,0.2890714285714286,42.0,10.0,40.0,38.0,0.2727272727272727,0.09090909090909091,1.0,1.0,Jake Irvin,RHP,18.0,0.35,RHB,0.34,0.07,0.2,0.55,9.0,out,75.0,50.0,0.97,Unknown Park,1.0,1.0,1.0,0,0,0.6493506493506493,-105.0,0.12,0.5,mid,824920,
Willson Contreras,BOS,R,5,0.5933333333333334,42.0,10.0,40.0,38.0,0.2,0.045,2.0,0.0,Taj Bradley,RHP,18.0,0.35,RHB,0.34,0.07,0.2,0.55,9.0,out,75.0,50.0,0.97,Unknown Park,1.0,1.0,1.0,0,0,1.3333333333333333,-105.0,0.12,0.5,mid,824760,
J.T. Realmuto,PHI,R,5,1.0,42.0,10.0,40.0,38.0,2.0,0.5,2.0,1.0,Slade Cecconi,RHP,18.0,0.35,RHB,0.34,0.07,0.2,0.55,9.0,out,75.0,50.0,0.97,Unknown Park,1.0,1.0,1.0,0,0,4.0,-105.0,0.12,0.5,mid,823458,
Austin Hedges,CLE,R,5,0.445,42.0,10.0,40.0,38.0,0.2,0.045,1.0,0.0,Zack Wheeler,RHP,18.0,0.35,RHB,0.34,0.07,0.2,0.55,9.0,out,75.0,50.0,0.97,Unknown Park,1.0,1.0,1.0,0,0,1.0,-105.0,0.12,0.5,mid,823458,
Garrett Stubbs,PHI,R,5,0.5,42.0,10.0,40.0,38.0,0.2,0.045,7.0,0.0,Slade Cecconi,RHP,18.0,0.35,RHB,0.34,0.07,0.2,0.55,9.0,out,75.0,50.0,0.97,Unknown Park,1.0,1.0,1.0,0,0,4.5,-105.0,0.12,0.5,mid,823458,
Josh Bell,MIN,R,5,0.5,42.0,10.0,40.0,38.0,0.2,0.045,7.0,0.0,Jovani Morán,LHP,18.0,0.35,RHB,0.34,0.07,0.2,0.55,9.0,out,75.0,50.0,0.97,Unknown Park,1.0,1.0,1.0,0,0,4.5,-105.0,0.12,0.5,mid,824760,
Victor Caratini,MIN,R,5,0.3245,42.0,10.0,40.0,38.0,0.2,0.045,7.0,0.0,Jovani Morán,LHP,18.0,0.35,RHB,0.34,0.07,0.2,0.55,9.0,out,75.0,50.0,0.97,Unknown Park,1.0,1.0,1.0,0,0,0.5,-105.0,0.12,0.5,mid,824760,
Ketel Marte,ARI,R,5,0.5,42.0,10.0,40.0,38.0,0.2,0.045,7.0,0.0,Michael Lorenzen,RHP,18.0,0.35,RHB,0.34,0.07,0.2,0.55,9.0,out,75.0,50.0,0.97,Unknown Park,1.0,1.0,1.0,0,0,4.5,-105.0,0.12,0.5,early,825080,
Trea Turner,PHI,R,5,0.2966666666666667,42.0,10.0,40.0,38.0,0.2,0.045,1.0,0.0,Slade Cecconi,RHP,18.0,0.35,RHB,0.34,0.07,0.2,0.55,9.0,out,75.0,50.0,0.97,Unknown Park,1.0,1.0,1.0,0,0,0.6666666666666666,-105.0,0.12,0.5,mid,823458,
Jose Ramirez,CLE,R,5,0.2966666666666667,42.0,10.0,40.0,38.0,0.2,0.045,2.0,0.0,Zack Wheeler,RHP,18.0,0.35,RHB,0.34,0.07,0.2,0.55,9.0,out,75.0,50.0,0.97,Unknown Park,1.0,1.0,1.0,0,0,0.6666666666666666,-105.0,0.12,0.5,mid,823458,
Tyrone Taylor,NYM,R,5,0.5,42.0,10.0,40.0,38.0,0.2,0.045,7.0,0.0,Max Meyer,RHP,18.0,0.35,RHB,0.34,0.07,0.2,0.55,9.0,out,75.0,50.0,0.97,Unknown Park,1.0,1.0,1.0,0,0,4.5,-105.0,0.12,0.5,mid,823862,
Byron Buxton,MIN,R,5,0.5,42.0,10.0,40.0,38.0,0.2,0.045,7.0,0.0,Jovani Morán,LHP,18.0,0.35,RHB,0.34,0.07,0.2,0.55,9.0,out,75.0,50.0,0.97,Unknown Park,1.0,1.0,1.0,0,0,4.5,-105.0,0.12,0.5,mid,824760,
Matt Olson,ATL,R,5,0.3488947368421053,42.0,10.0,40.0,38.0,0.33333333333333337,0.1111111111111111,4.0,2.0,Jake Irvin,RHP,18.0,0.35,RHB,0.34,0.07,0.2,0.55,9.0,out,75.0,50.0,0.97,Unknown Park,1.0,1.0,1.0,0,0,0.8187134502923976,-105.0,0.12,0.5,mid,824920,
Jorge Mateo,ATL,R,5,0.5,42.0,10.0,40.0,38.0,0.2,0.045,7.0,0.0,Jake Irvin,RHP,18.0,0.35,RHB,0.34,0.07,0.2,0.55,9.0,out,75.0,50.0,0.97,Unknown Park,1.0,1.0,1.0,0,0,4.5,-105.0,0.12,0.5,mid,824920,
Tyler Heineman,TOR,R,5,0.5,42.0,10.0,40.0,38.0,0.2,0.045,7.0,0.0,Paul Skenes,RHP,18.0,0.35,RHB,0.34,0.07,0.2,0.55,9.0,out,75.0,50.0,0.97,Unknown Park,1.0,1.0,1.0,0,0,4.5,-105.0,0.12,0.5,early,822814,
Jorge Soler,LAA,R,5,0.5,42.0,10.0,40.0,38.0,0.2,0.045,7.0,0.0,Nathan Eovaldi,RHP,18.0,0.35,RHB,0.34,0.07,0.2,0.55,9.0,out,75.0,50.0,0.97,Unknown Park,1.0,1.0,1.0,0,0,4.5,-105.0,0.12,0.5,early,824030,
Edmundo Sosa,PHI,R,5,0.635,42.0,10.0,40.0,38.0,0.5,0.045,1.0,0.0,Slade Cecconi,RHP,18.0,0.35,RHB,0.34,0.07,0.2,0.55,9.0,out,75.0,50.0,0.97,Unknown Park,1.0,1.0,1.0,0,0,1.5,-105.0,0.12,0.5,mid,823458,
JP Crawford,SEA,R,5,0.35000000000000003,42.0,10.0,40.0,38.0,0.5,0.16666666666666666,1.0,1.0,Stephen Kolek,RHP,18.0,0.35,RHB,0.34,0.07,0.2,0.55,9.0,out,75.0,50.0,0.97,Unknown Park,1.0,1.0,1.0,0,0,0.8333333333333333,-105.0,0.12,0.5,mid,824109,
Dominic Smith,ATL,R,5,0.33375,42.0,10.0,40.0,38.0,0.2,0.045,3.0,0.0,Jake Irvin,RHP,18.0,0.35,RHB,0.34,0.07,0.2,0.55,9.0,out,75.0,50.0,0.97,Unknown Park,1.0,1.0,1.0,0,0,0.75,-105.0,0.12,0.5,mid,824920,
Eli White,ATL,R,5,0.5,42.0,10.0,40.0,38.0,0.2,0.045,7.0,0.0,Jake Irvin,RHP,18.0,0.35,RHB,0.34,0.07,0.2,0.55,9.0,out,75.0,50.0,0.97,Unknown Park,1.0,1.0,1.0,0,0,4.5,-105.0,0.12,0.5,mid,824920,
Andrew Benintendi,CWS,R,5,0.5,42.0,10.0,40.0,38.0,0.2,0.045,7.0,0.0,Adrian Houser,RHP,18.0,0.35,RHB,0.34,0.07,0.2,0.55,9.0,out,75.0,50.0,0.97,Unknown Park,1.0,1.0,1.0,0,0,4.5,-105.0,0.12,0.5,mid,823222,
Ozzie Albies,ATL,R,5,0.23053333333333334,42.0,10.0,40.0,38.0,0.07692307692307693,0.045,2.0,0.0,Jake Irvin,RHP,18.0,0.35,RHB,0.34,0.07,0.2,0.55,9.0,out,75.0,50.0,0.97,Unknown Park,1.0,1.0,1.0,0,0,0.49743589743589745,-105.0,0.12,0.5,mid,824920,
Rafael Devers,SF,R,5,0.36,42.0,10.0,40.0,38.0,0.2,0.045,7.0,0.0,Bryan Hudson,LHP,18.0,0.35,RHB,0.34,0.07,0.2,0.55,9.0,out,75.0,50.0,0.97,Unknown Park,1.0,1.0,1.0,0,0,0.5,-105.0,0.12,0.5,mid,823222,
Josh Naylor,SEA,R,5,0.6065,42.0,10.0,40.0,38.0,0.75,0.25,2.0,1.0,Stephen Kolek,RHP,18.0,0.35,RHB,0.34,0.07,0.2,0.55,9.0,out,75.0,50.0,0.97,Unknown Park,1.0,1.0,1.0,0,0,1.75,-105.0,0.12,0.5,mid,824109,
Willi Castro,COL,R,5,0.635,42.0,10.0,40.0,38.0,0.5,0.045,1.0,0.0,Zac Gallen,RHP,18.0,0.35,RHB,0.34,0.07,0.2,0.55,9.0,out,75.0,50.0,0.97,Unknown Park,1.0,1.0,1.0,0,0,1.5,-105.0,0.12,0.5,early,825080,
Yohel Pozo,STL,R,5,0.89,42.0,10.0,40.0,38.0,0.2,0.045,1.0,0.0,Chase Petty,RHP,18.0,0.35,RHB,0.34,0.07,0.2,0.55,9.0,out,75.0,50.0,0.97,Unknown Park,1.0,1.0,1.0,0,0,2.0,-105.0,0.12,0.5,late,824516,
Kyle Schwarber,PHI,R,5,0.42333333333333334,42.0,10.0,40.0,38.0,0.3333333333333333,0.045,1.0,0.0,Slade Cecconi,RHP,18.0,0.35,RHB,0.34,0.07,0.2,0.55,9.0,out,75.0,50.0,0.97,Unknown Park,1.0,1.0,1.0,0,0,1.0,-105.0,0.12,0.5,mid,823458,
Lane Thomas,KC,R,5,0.2966666666666667,42.0,10.0,40.0,38.0,0.2,0.045,1.0,0.0,George Kirby,RHP,18.0,0.35,RHB,0.34,0.07,0.2,0.55,9.0,out,75.0,50.0,0.97,Unknown Park,1.0,1.0,1.0,0,0,0.6666666666666666,-105.0,0.12,0.5,mid,824109,
Connor Wong,BOS,R,5,0.21880000000000002,42.0,10.0,40.0,38.0,0.2,0.045,1.0,0.0,Taj Bradley,RHP,18.0,0.35,RHB,0.34,0.07,0.2,0.55,9.0,out,75.0,50.0,0.97,Unknown Park,1.0,1.0,1.0,0,0,0.44285714285714284,-105.0,0.12,0.5,mid,824760,
Gavin Sheets,SD,R,5,1.0,42.0,10.0,40.0,38.0,1.5,0.5,2.0,1.0,J.T. Ginn,RHP,18.0,0.35,RHB,0.34,0.07,0.2,0.55,9.0,out,75.0,50.0,0.97,Unknown Park,1.0,1.0,1.0,0,0,3.5,-105.0,0.12,0.5,early,823300,
Ronald Acuna Jr.,ATL,R,5,0.605,42.0,10.0,40.0,38.0,0.33333333333333337,0.045,3.0,0.0,Jake Irvin,RHP,18.0,0.35,RHB,0.34,0.07,0.2,0.55,9.0,out,75.0,50.0,0.97,Unknown Park,1.0,1.0,1.0,0,0,1.4583333333333335,-105.0,0.12,0.5,mid,824920,
Keibert Ruiz,WSH,R,5,0.2225,42.0,10.0,40.0,38.0,0.2,0.045,1.0,0.0,Grant Holmes,RHP,18.0,0.35,RHB,0.34,0.07,0.2,0.55,9.0,out,75.0,50.0,0.97,Unknown Park,1.0,1.0,1.0,0,0,0.5,-105.0,0.12,0.5,mid,824920,
Jesus Sanchez,TOR,R,5,0.42333333333333334,42.0,10.0,40.0,38.0,0.3333333333333333,0.045,1.0,0.0,Paul Skenes,RHP,18.0,0.35,RHB,0.34,0.07,0.2,0.55,9.0,out,75.0,50.0,0.97,Unknown Park,1.0,1.0,1.0,0,0,1.0,-105.0,0.12,0.5,early,822814,
Daulton Varsho,TOR,R,5,0.5,42.0,10.0,40.0,38.0,0.2,0.045,7.0,0.0,Paul Skenes,RHP,18.0,0.35,RHB,0.34,0.07,0.2,0.55,9.0,out,75.0,50.0,0.97,Unknown Park,1.0,1.0,1.0,0,0,4.5,-105.0,0.12,0.5,early,822814,
Hayden Senger,NYM,R,5,0.5,42.0,10.0,40.0,38.0,0.2,0.045,7.0,0.0,Max Meyer,RHP,18.0,0.35,RHB,0.34,0.07,0.2,0.55,9.0,out,75.0,50.0,0.97,Unknown Park,1.0,1.0,1.0,0,0,4.5,-105.0,0.12,0.5,mid,823862,
Austin Riley,ATL,R,5,0.30523076923076925,42.0,10.0,40.0,38.0,0.2,0.045,3.0,0.0,Jake Irvin,RHP,18.0,0.35,RHB,0.34,0.07,0.2,0.55,9.0,out,75.0,50.0,0.97,Unknown Park,1.0,1.0,1.0,0,0,0.6573426573426573,-105.0,0.12,0.5,mid,824920,
Tyler Stephenson,CIN,R,5,0.4012857142857143,42.0,10.0,40.0,38.0,0.16666666666666669,0.045,2.0,0.0,Andre Pallante,RHP,18.0,0.35,RHB,0.34,0.07,0.2,0.55,9.0,out,75.0,50.0,0.97,Unknown Park,1.0,1.0,1.0,0,0,0.9285714285714286,-105.0,0.12,0.5,early,824518,
Kyle Isbel,KC,R,5,0.356,42.0,10.0,40.0,38.0,0.2,0.045,2.0,0.0,George Kirby,RHP,18.0,0.35,RHB,0.34,0.07,0.2,0.55,9.0,out,75.0,50.0,0.97,Unknown Park,1.0,1.0,1.0,0,0,0.7333333333333334,-105.0,0.12,0.5,mid,824109,
Alec Bohm,PHI,R,5,0.7200000000000001,42.0,10.0,40.0,38.0,0.33333333333333337,0.045,2.0,0.0,Slade Cecconi,RHP,18.0,0.35,RHB,0.34,0.07,0.2,0.55,9.0,out,75.0,50.0,0.97,Unknown Park,1.0,1.0,1.0,0,0,1.6666666666666665,-105.0,0.12,0.5,mid,823458,
Kody Clemens,MIN,R,5,0.5,42.0,10.0,40.0,38.0,0.2,0.045,7.0,0.0,Jovani Morán,LHP,18.0,0.35,RHB,0.34,0.07,0.2,0.55,9.0,out,75.0,50.0,0.97,Unknown Park,1.0,1.0,1.0,0,0,4.5,-105.0,0.12,0.5,mid,824760,
Jeremy Pena,HOU,R,5,0.48580000000000007,42.0,10.0,40.0,38.0,0.2,0.045,2.0,0.0,Colin Rea,RHP,18.0,0.35,RHB,0.34,0.07,0.2,0.55,9.0,out,75.0,50.0,0.97,Unknown Park,1.0,1.0,1.0,0,0,1.1,-105.0,0.12,0.5,early,824674,
Vladimir Guerrero Jr.,TOR,R,5,0.5,42.0,10.0,40.0,38.0,0.2,0.045,7.0,0.0,Paul Skenes,RHP,18.0,0.35,RHB,0.34,0.07,0.2,0.55,9.0,out,75.0,50.0,0.97,Unknown Park,1.0,1.0,1.0,0,0,4.5,-105.0,0.12,0.5,early,822814,
Juan Soto,NYM,R,5,0.5,42.0,10.0,40.0,38.0,0.2,0.045,7.0,0.0,Max Meyer,RHP,18.0,0.35,RHB,0.34,0.07,0.2,0.55,9.0,out,75.0,50.0,0.97,Unknown Park,1.0,1.0,1.0,0,0,4.5,-105.0,0.12,0.5,mid,823862,
Esteury Ruiz,MIA,R,5,0.5,42.0,10.0,40.0,38.0,0.2,0.045,7.0,0.0,Freddy Peralta,RHP,18.0,0.35,RHB,0.34,0.07,0.2,0.55,9.0,out,75.0,50.0,0.97,Unknown Park,1.0,1.0,1.0,0,0,4.5,-105.0,0.12,0.5,mid,823862,
Andres Gimenez,TOR,R,5,0.445,42.0,10.0,40.0,38.0,0.2,0.045,1.0,0.0,Paul Skenes,RHP,18.0,0.35,RHB,0.34,0.07,0.2,0.55,9.0,out,75.0,50.0,0.97,Unknown Park,1.0,1.0,1.0,0,0,1.0,-105.0,0.12,0.5,early,822814,
Andres Chaparro,WSH,R,5,0.5,42.0,10.0,40.0,38.0,0.2,0.045,7.0,0.0,Grant Holmes,RHP,18.0,0.35,RHB,0.34,0.07,0.2,0.55,9.0,out,75.0,50.0,0.97,Unknown Park,1.0,1.0,1.0,0,0,4.5,-105.0,0.12,0.5,mid,824920,
Carlos Narvaez,BOS,R,5,0.5,42.0,10.0,40.0,38.0,0.2,0.045,7.0,0.0,Taj Bradley,RHP,18.0,0.35,RHB,0.34,0.07,0.2,0.55,9.0,out,75.0,50.0,0.97,Unknown Park,1.0,1.0,1.0,0,0,4.5,-105.0,0.12,0.5,mid,824760,
Jo Adell,LAA,R,5,0.2777777777777778,42.0,10.0,40.0,38.0,0.2,0.045,2.0,0.0,Nathan Eovaldi,RHP,18.0,0.35,RHB,0.34,0.07,0.2,0.55,9.0,out,75.0,50.0,0.97,Unknown Park,1.0,1.0,1.0,0,0,0.5833333333333333,-105.0,0.12,0.5,early,824030,
Will Benson,CIN,R,5,0.13990909090909093,42.0,10.0,40.0,38.0,0.2,0.045,1.0,0.0,Andre Pallante,RHP,18.0,0.35,RHB,0.34,0.07,0.2,0.55,9.0,out,75.0,50.0,0.97,Unknown Park,1.0,1.0,1.0,0,0,0.28181818181818186,-105.0,0.12,0.5,early,824518,
Edouard Julien,COL,R,5,0.7293333333333334,42.0,10.0,40.0,38.0,0.2,0.045,1.0,0.0,Zac Gallen,RHP,18.0,0.35,RHB,0.34,0.07,0.2,0.55,9.0,out,75.0,50.0,0.97,Unknown Park,1.0,1.0,1.0,0,0,2.0,-105.0,0.12,0.5,early,825080,
Christopher Morel,MIA,R,5,0.33781249999999996,42.0,10.0,40.0,38.0,0.09090909090909088,0.045,2.0,0.0,Freddy Peralta,RHP,18.0,0.35,RHB,0.34,0.07,0.2,0.55,9.0,out,75.0,50.0,0.97,Unknown Park,1.0,1.0,1.0,0,0,0.7102272727272727,-105.0,0.12,0.5,mid,823862,
Adolis Garcia,PHI,R,5,1.0,42.0,10.0,40.0,38.0,1.3333333333333335,0.3333333333333333,2.0,1.0,Slade Cecconi,RHP,18.0,0.35,RHB,0.34,0.07,0.2,0.55,9.0,out,75.0,50.0,0.97,Unknown Park,1.0,1.0,1.0,0,0,2.6666666666666665,-105.0,0.12,0.5,mid,823458,
Lourdes Gurriel Jr.,ARI,R,5,0.42714285714285716,42.0,10.0,40.0,38.0,0.4285714285714286,0.14285714285714285,2.0,1.0,Michael Lorenzen,RHP,18.0,0.35,RHB,0.34,0.07,0.2,0.55,9.0,out,75.0,50.0,0.97,Unknown Park,1.0,1.0,1.0,0,0,1.0,-105.0,0.12,0.5,early,825080,
Dane Myers,CIN,R,5,0.5,42.0,10.0,40.0,38.0,0.2,0.045,7.0,0.0,Andre Pallante,RHP,18.0,0.35,RHB,0.34,0.07,0.2,0.55,9.0,out,75.0,50.0,0.97,Unknown Park,1.0,1.0,1.0,0,0,4.5,-105.0,0.12,0.5,early,824518,
Randy Arozarena,SEA,R,5,0.14833333333333334,42.0,10.0,40.0,38.0,0.2,0.045,1.0,0.0,Stephen Kolek,RHP,18.0,0.35,RHB,0.34,0.07,0.2,0.55,9.0,out,75.0,50.0,0.97,Unknown Park,1.0,1.0,1.0,0,0,0.3333333333333333,-105.0,0.12,0.5,mid,824109,
Spencer Steer,CIN,R,5,0.35726315789473684,42.0,10.0,40.0,38.0,0.1875,0.0625,4.0,1.0,Andre Pallante,RHP,18.0,0.35,RHB,0.34,0.07,0.2,0.55,9.0,out,75.0,50.0,0.97,Unknown Park,1.0,1.0,1.0,0,0,0.805921052631579,-105.0,0.12,0.5,early,824518,
Austin Martin,MIN,R,5,0.5,42.0,10.0,40.0,38.0,0.2,0.045,7.0,0.0,Jovani Morán,LHP,18.0,0.35,RHB,0.34,0.07,0.2,0.55,9.0,out,75.0,50.0,0.97,Unknown Park,1.0,1.0,1.0,0,0,4.5,-105.0,0.12,0.5,mid,824760,
Mark Vientos,NYM,R,5,0.5618000000000001,42.0,10.0,40.0,38.0,0.25,0.045,2.0,0.0,Max Meyer,RHP,18.0,0.35,RHB,0.34,0.07,0.2,0.55,9.0,out,75.0,50.0,0.97,Unknown Park,1.0,1.0,1.0,0,0,1.35,-105.0,0.12,0.5,mid,823862,
Ryan Kreidler,MIN,R,5,0.5,42.0,10.0,40.0,38.0,0.2,0.045,7.0,0.0,Jovani Morán,LHP,18.0,0.35,RHB,0.34,0.07,0.2,0.55,9.0,out,75.0,50.0,0.97,Unknown Park,1.0,1.0,1.0,0,0,4.5,-105.0,0.12,0.5,mid,824760,
Brandon Marsh,PHI,R,5,0.5,42.0,10.0,40.0,38.0,0.2,0.045,7.0,0.0,Slade Cecconi,RHP,18.0,0.35,RHB,0.34,0.07,0.2,0.55,9.0,out,75.0,50.0,0.97,Unknown Park,1.0,1.0,1.0,0,0,4.5,-105.0,0.12,0.5,mid,823458,
Kyle Stowers,MIA,R,5,0.9163333333333333,42.0,10.0,40.0,38.0,1.5,0.5,1.0,1.0,Freddy Peralta,RHP,18.0,0.35,RHB,0.34,0.07,0.2,0.55,9.0,out,75.0,50.0,0.97,Unknown Park,1.0,1.0,1.0,0,0,2.6666666666666665,-105.0,0.12,0.5,mid,823862,
Nolan Gorman,STL,R,5,0.2966666666666667,42.0,10.0,40.0,38.0,0.2,0.045,1.0,0.0,Chris Paddack,RHP,18.0,0.35,RHB,0.34,0.07,0.2,0.55,9.0,out,75.0,50.0,0.97,Unknown Park,1.0,1.0,1.0,0,0,0.6666666666666666,-105.0,0.12,0.5,early,824518,
Xavier Edwards,MIA,R,5,0.2698888888888889,42.0,10.0,40.0,38.0,0.2,0.045,2.0,0.0,Freddy Peralta,RHP,18.0,0.35,RHB,0.34,0.07,0.2,0.55,9.0,out,75.0,50.0,0.97,Unknown Park,1.0,1.0,1.0,0,0,0.5833333333333333,-105.0,0.12,0.5,mid,823862,
Nick Allen,HOU,R,5,0.5,42.0,10.0,40.0,38.0,0.2,0.045,7.0,0.0,Colin Rea,RHP,18.0,0.35,RHB,0.34,0.07,0.2,0.55,9.0,out,75.0,50.0,0.97,Unknown Park,1.0,1.0,1.0,0,0,4.5,-105.0,0.12,0.5,early,824674,
Casey Schmitt,SF,R,5,0.5,42.0,10.0,40.0,38.0,0.2,0.045,7.0,0.0,Bryan Hudson,LHP,18.0,0.35,RHB,0.34,0.07,0.2,0.55,9.0,out,75.0,50.0,0.97,Unknown Park,1.0,1.0,1.0,0,0,4.5,-105.0,0.12,0.5,mid,823222,
Yordan Alvarez,HOU,R,5,0.5479999999999999,42.0,10.0,40.0,38.0,0.3333333333333333,0.045,1.0,0.0,Colin Rea,RHP,18.0,0.35,RHB,0.34,0.07,0.2,0.55,9.0,out,75.0,50.0,0.97,Unknown Park,1.0,1.0,1.0,0,0,1.3333333333333333,-105.0,0.12,0.5,early,824674,
Isaac Paredes,HOU,R,5,0.40249999999999997,42.0,10.0,40.0,38.0,0.2,0.045,1.0,0.0,Colin Rea,RHP,18.0,0.35,RHB,0.34,0.07,0.2,0.55,9.0,out,75.0,50.0,0.97,Unknown Park,1.0,1.0,1.0,0,0,0.8333333333333333,-105.0,0.12,0.5,early,824674,
TJ Friedl,CIN,R,5,0.17537499999999998,42.0,10.0,40.0,38.0,0.2,0.045,4.0,0.0,Andre Pallante,RHP,18.0,0.35,RHB,0.34,0.07,0.2,0.55,9.0,out,75.0,50.0,0.97,Unknown Park,1.0,1.0,1.0,0,0,0.38224637681159424,-105.0,0.12,0.5,early,824518,
Ivan Herrera,STL,R,5,0.2966666666666667,42.0,10.0,40.0,38.0,0.2,0.045,1.0,0.0,Chris Paddack,RHP,18.0,0.35,RHB,0.34,0.07,0.2,0.55,9.0,out,75.0,50.0,0.97,Unknown Park,1.0,1.0,1.0,0,0,0.6666666666666666,-105.0,0.12,0.5,early,824518,
Luis Garcia Jr.,WSH,R,5,0.3175,42.0,10.0,40.0,38.0,0.25,0.045,1.0,0.0,Grant Holmes,RHP,18.0,0.35,RHB,0.34,0.07,0.2,0.55,9.0,out,75.0,50.0,0.97,Unknown Park,1.0,1.0,1.0,0,0,0.75,-105.0,0.12,0.5,mid,824920,
Tyler Freeman,COL,R,5,0.27658333333333335,42.0,10.0,40.0,38.0,0.2,0.045,3.0,0.0,Zac Gallen,RHP,18.0,0.35,RHB,0.34,0.07,0.2,0.55,9.0,out,75.0,50.0,0.97,Unknown Park,1.0,1.0,1.0,0,0,0.606060606060606,-105.0,0.12,0.5,early,825080,
Michael Harris II,ATL,R,5,0.37672727272727274,42.0,10.0,40.0,38.0,0.10000000000000003,0.045,7.0,0.0,Jake Irvin,RHP,18.0,0.35,RHB,0.34,0.07,0.2,0.55,9.0,out,75.0,50.0,0.97,Unknown Park,1.0,1.0,1.0,0,0,0.8590909090909091,-105.0,0.12,0.5,mid,824920,
Patrick Bailey,CLE,R,5,0.3245,42.0,10.0,40.0,38.0,0.2,0.045,7.0,0.0,Zack Wheeler,RHP,18.0,0.35,RHB,0.34,0.07,0.2,0.55,9.0,out,75.0,50.0,0.97,Unknown Park,1.0,1.0,1.0,0,0,0.5,-105.0,0.12,0.5,mid,823458,
Gabriel Moreno,ARI,R,5,0.6072500000000001,42.0,10.0,40.0,38.0,0.2,0.045,2.0,0.0,Michael Lorenzen,RHP,18.0,0.35,RHB,0.34,0.07,0.2,0.55,9.0,out,75.0,50.0,0.97,Unknown Park,1.0,1.0,1.0,0,0,1.4166666666666665,-105.0,0.12,0.5,early,825080,
Maikel Garcia,KC,R,5,0.5,42.0,10.0,40.0,38.0,0.2,0.045,7.0,0.0,George Kirby,RHP,18.0,0.35,RHB,0.34,0.07,0.2,0.55,9.0,out,75.0,50.0,0.97,Unknown Park,1.0,1.0,1.0,0,0,4.5,-105.0,0.12,0.5,mid,824109,
Otto Lopez,MIA,R,5,0.18142857142857144,42.0,10.0,40.0,38.0,0.14285714285714285,0.045,1.0,0.0,Freddy Peralta,RHP,18.0,0.35,RHB,0.34,0.07,0.2,0.55,9.0,out,75.0,50.0,0.97,Unknown Park,1.0,1.0,1.0,0,0,0.42857142857142855,-105.0,0.12,0.5,mid,823862,
Geraldo Perdomo,ARI,R,5,0.36877777777777776,42.0,10.0,40.0,38.0,0.2,0.045,3.0,0.0,Michael Lorenzen,RHP,18.0,0.35,RHB,0.34,0.07,0.2,0.55,9.0,out,75.0,50.0,0.97,Unknown Park,1.0,1.0,1.0,0,0,0.8194444444444444,-105.0,0.12,0.5,early,825080,
Oswald Peraza,LAA,R,5,0.635,42.0,10.0,40.0,38.0,0.5,0.045,1.0,0.0,Nathan Eovaldi,RHP,18.0,0.35,RHB,0.34,0.07,0.2,0.55,9.0,out,75.0,50.0,0.97,Unknown Park,1.0,1.0,1.0,0,0,1.5,-105.0,0.12,0.5,early,824030,
Ha-Seong Kim,ATL,R,5,0.2966666666666667,42.0,10.0,40.0,38.0,0.2,0.045,1.0,0.0,Jake Irvin,RHP,18.0,0.35,RHB,0.34,0.07,0.2,0.55,9.0,out,75.0,50.0,0.97,Unknown Park,1.0,1.0,1.0,0,0,0.6666666666666666,-105.0,0.12,0.5,mid,824920,
Ernie Clement,TOR,R,5,0.2966666666666667,42.0,10.0,40.0,38.0,0.2,0.045,1.0,0.0,Paul Skenes,RHP,18.0,0.35,RHB,0.34,0.07,0.2,0.55,9.0,out,75.0,50.0,0.97,Unknown Park,1.0,1.0,1.0,0,0,0.6666666666666666,-105.0,0.12,0.5,early,822814,
Alec Burleson,STL,R,5,0.7200000000000001,42.0,10.0,40.0,38.0,0.33333333333333337,0.045,2.0,0.0,Chris Paddack,RHP,18.0,0.35,RHB,0.34,0.07,0.2,0.55,9.0,out,75.0,50.0,0.97,Unknown Park,1.0,1.0,1.0,0,0,1.6666666666666665,-105.0,0.12,0.5,early,824518,
Jake Meyers,HOU,R,5,0.43200000000000005,42.0,10.0,40.0,38.0,0.19999999999999996,0.045,2.0,0.0,Colin Rea,RHP,18.0,0.35,RHB,0.34,0.07,0.2,0.55,9.0,out,75.0,50.0,0.97,Unknown Park,1.0,1.0,1.0,0,0,1.0,-105.0,0.12,0.5,early,824674,
Jose Tena,WSH,R,5,0.2966666666666667,42.0,10.0,40.0,38.0,0.2,0.045,1.0,0.0,Grant Holmes,RHP,18.0,0.35,RHB,0.34,0.07,0.2,0.55,9.0,out,75.0,50.0,0.97,Unknown Park,1.0,1.0,1.0,0,0,0.6666666666666666,-105.0,0.12,0.5,mid,824920,
Julio Rodriguez,SEA,R,5,0.2966666666666667,42.0,10.0,40.0,38.0,0.2,0.045,2.0,0.0,Stephen Kolek,RHP,18.0,0.35,RHB,0.34,0.07,0.2,0.55,9.0,out,75.0,50.0,0.97,Unknown Park,1.0,1.0,1.0,0,0,0.6666666666666666,-105.0,0.12,0.5,mid,824109,
Wilyer Abreu,BOS,R,5,0.3653636363636364,42.0,10.0,40.0,38.0,0.39999999999999997,0.1,2.0,1.0,Taj Bradley,RHP,18.0,0.35,RHB,0.34,0.07,0.2,0.55,9.0,out,75.0,50.0,0.97,Unknown Park,1.0,1.0,1.0,0,0,0.8727272727272727,-105.0,0.12,0.5,mid,824760,
Bobby Witt Jr.,KC,R,5,0.43416666666666665,42.0,10.0,40.0,38.0,0.16666666666666669,0.045,5.0,0.0,George Kirby,RHP,18.0,0.35,RHB,0.34,0.07,0.2,0.55,9.0,out,75.0,50.0,0.97,Unknown Park,1.0,1.0,1.0,0,0,1.0,-105.0,0.12,0.5,mid,824109,
Jorbit Vivas,WSH,R,5,0.24,42.0,10.0,40.0,38.0,0.2,0.045,7.0,0.0,Grant Holmes,RHP,18.0,0.35,RHB,0.34,0.07,0.2,0.55,9.0,out,75.0,50.0,0.97,Unknown Park,1.0,1.0,1.0,0,0,0.3333333333333333,-105.0,0.12,0.5,mid,824920,
Ezequiel Tovar,COL,R,5,0.5892307692307692,42.0,10.0,40.0,38.0,0.46153846153846156,0.07692307692307693,6.0,1.0,Zac Gallen,RHP,18.0,0.35,RHB,0.34,0.07,0.2,0.55,9.0,out,75.0,50.0,0.97,Unknown Park,1.0,1.0,1.0,0,0,1.3846153846153846,-105.0,0.12,0.5,early,825080,
Ceddanne Rafaela,BOS,R,5,0.4043333333333334,42.0,10.0,40.0,38.0,0.375,0.125,2.0,1.0,Taj Bradley,RHP,18.0,0.35,RHB,0.34,0.07,0.2,0.55,9.0,out,75.0,50.0,0.97,Unknown Park,1.0,1.0,1.0,0,0,0.9583333333333333,-105.0,0.12,0.5,mid,824760,
Nick Loftin,KC,R,5,0.5,42.0,10.0,40.0,38.0,0.2,0.045,7.0,0.0,George Kirby,RHP,18.0,0.35,RHB,0.34,0.07,0.2,0.55,9.0,out,75.0,50.0,0.97,Unknown Park,1.0,1.0,1.0,0,0,4.5,-105.0,0.12,0.5,mid,824109,
Matt McLain,CIN,R,5,0.19890909090909092,42.0,10.0,40.0,38.0,0.2,0.045,1.0,0.0,Andre Pallante,RHP,18.0,0.35,RHB,0.34,0.07,0.2,0.55,9.0,out,75.0,50.0,0.97,Unknown Park,1.0,1.0,1.0,0,0,0.3838383838383838,-105.0,0.12,0.5,early,824518,
Adrian Del Castillo,ARI,R,5,0.5,42.0,10.0,40.0,38.0,0.2,0.045,7.0,0.0,Michael Lorenzen,RHP,18.0,0.35,RHB,0.34,0.07,0.2,0.55,9.0,out,75.0,50.0,0.97,Unknown Park,1.0,1.0,1.0,0,0,4.5,-105.0,0.12,0.5,early,825080,
Steven Kwan,CLE,R,5,0.36000000000000004,42.0,10.0,40.0,38.0,0.16666666666666669,0.045,2.0,0.0,Zack Wheeler,RHP,18.0,0.35,RHB,0.34,0.07,0.2,0.55,9.0,out,75.0,50.0,0.97,Unknown Park,1.0,1.0,1.0,0,0,0.8333333333333333,-105.0,0.12,0.5,mid,823458,
Jarren Duran,BOS,R,5,0.4026,42.0,10.0,40.0,38.0,0.23076923076923073,0.045,4.0,0.0,Taj Bradley,RHP,18.0,0.35,RHB,0.34,0.07,0.2,0.55,9.0,out,75.0,50.0,0.97,Unknown Park,1.0,1.0,1.0,0,0,0.9384615384615385,-105.0,0.12,0.5,mid,824760,
Bryson Stott,PHI,R,5,0.5,42.0,10.0,40.0,38.0,0.2,0.045,7.0,0.0,Slade Cecconi,RHP,18.0,0.35,RHB,0.34,0.07,0.2,0.55,9.0,out,75.0,50.0,0.97,Unknown Park,1.0,1.0,1.0,0,0,4.5,-105.0,0.12,0.5,mid,823458,
Logan O'Hoppe,LAA,R,5,0.2596,42.0,10.0,40.0,38.0,0.2,0.045,7.0,0.0,Nathan Eovaldi,RHP,18.0,0.35,RHB,0.34,0.07,0.2,0.55,9.0,out,75.0,50.0,0.97,Unknown Park,1.0,1.0,1.0,0,0,0.4,-105.0,0.12,0.5,early,824030,
James Outman,MIN,R,5,0.5,42.0,10.0,40.0,38.0,0.2,0.045,7.0,0.0,Jovani Morán,LHP,18.0,0.35,RHB,0.34,0.07,0.2,0.55,9.0,out,75.0,50.0,0.97,Unknown Park,1.0,1.0,1.0,0,0,4.5,-105.0,0.12,0.5,mid,824760,
Daniel Schneemann,CLE,R,5,0.21633333333333335,42.0,10.0,40.0,38.0,0.2,0.045,7.0,0.0,Zack Wheeler,RHP,18.0,0.35,RHB,0.34,0.07,0.2,0.55,9.0,out,75.0,50.0,0.97,Unknown Park,1.0,1.0,1.0,0,0,0.3333333333333333,-105.0,0.12,0.5,mid,823458,
Angel Martinez,CLE,R,5,0.5,42.0,10.0,40.0,38.0,0.2,0.045,7.0,0.0,Zack Wheeler,RHP,18.0,0.35,RHB,0.34,0.07,0.2,0.55,9.0,out,75.0,50.0,0.97,Unknown Park,1.0,1.0,1.0,0,0,4.5,-105.0,0.12,0.5,mid,823458,
Elly De La Cruz,CIN,R,5,0.31117391304347825,42.0,10.0,40.0,38.0,0.09999999999999998,0.045,5.0,0.0,Andre Pallante,RHP,18.0,0.35,RHB,0.34,0.07,0.2,0.55,9.0,out,75.0,50.0,0.97,Unknown Park,1.0,1.0,1.0,0,0,0.6978260869565217,-105.0,0.12,0.5,early,824518,
CJ Abrams,WSH,R,5,0.5,42.0,10.0,40.0,38.0,0.2,0.045,7.0,0.0,Grant Holmes,RHP,18.0,0.35,RHB,0.34,0.07,0.2,0.55,9.0,out,75.0,50.0,0.97,Unknown Park,1.0,1.0,1.0,0,0,4.5,-105.0,0.12,0.5,mid,824920,
Corbin Carroll,ARI,R,5,0.5387777777777778,42.0,10.0,40.0,38.0,0.75,0.25,2.0,2.0,Michael Lorenzen,RHP,18.0,0.35,RHB,0.34,0.07,0.2,0.55,9.0,out,75.0,50.0,0.97,Unknown Park,1.0,1.0,1.0,0,0,1.3333333333333333,-105.0,0.12,0.5,early,825080,
Brett Baty,NYM,R,5,0.5,42.0,10.0,40.0,38.0,0.2,0.045,7.0,0.0,Max Meyer,RHP,18.0,0.35,RHB,0.34,0.07,0.2,0.55,9.0,out,75.0,50.0,0.97,Unknown Park,1.0,1.0,1.0,0,0,4.5,-105.0,0.12,0.5,mid,823862,
Owen Caissie,MIA,R,5,0.5,42.0,10.0,40.0,38.0,0.2,0.045,7.0,0.0,Freddy Peralta,RHP,18.0,0.35,RHB,0.34,0.07,0.2,0.55,9.0,out,75.0,50.0,0.97,Unknown Park,1.0,1.0,1.0,0,0,4.5,-105.0,0.12,0.5,mid,823862,
Vinnie Pasquantino,KC,R,5,0.2925,42.0,10.0,40.0,38.0,0.2857142857142857,0.045,1.0,0.0,George Kirby,RHP,18.0,0.35,RHB,0.34,0.07,0.2,0.55,9.0,out,75.0,50.0,0.97,Unknown Park,1.0,1.0,1.0,0,0,0.6785714285714286,-105.0,0.12,0.5,mid,824109,
Dominic Canzone,SEA,R,5,0.5,42.0,10.0,40.0,38.0,0.2,0.045,7.0,0.0,Stephen Kolek,RHP,18.0,0.35,RHB,0.34,0.07,0.2,0.55,9.0,out,75.0,50.0,0.97,Unknown Park,1.0,1.0,1.0,0,0,4.5,-105.0,0.12,0.5,mid,824109,
Isaac Collins,KC,R,5,0.2966666666666667,42.0,10.0,40.0,38.0,0.2,0.045,1.0,0.0,George Kirby,RHP,18.0,0.35,RHB,0.34,0.07,0.2,0.55,9.0,out,75.0,50.0,0.97,Unknown Park,1.0,1.0,1.0,0,0,0.6666666666666666,-105.0,0.12,0.5,mid,824109,
Dylan Crews,WSH,R,5,0.3245,42.0,10.0,40.0,38.0,0.2,0.045,7.0,0.0,Grant Holmes,RHP,18.0,0.35,RHB,0.34,0.07,0.2,0.55,9.0,out,75.0,50.0,0.97,Unknown Park,1.0,1.0,1.0,0,0,0.5,-105.0,0.12,0.5,mid,824920,
Michael Massey,KC,R,5,0.14833333333333334,42.0,10.0,40.0,38.0,0.2,0.045,1.0,0.0,George Kirby,RHP,18.0,0.35,RHB,0.34,0.07,0.2,0.55,9.0,out,75.0,50.0,0.97,Unknown Park,1.0,1.0,1.0,0,0,0.3333333333333333,-105.0,0.12,0.5,mid,824109,
Nick Sogard,BOS,R,5,0.3245,42.0,10.0,40.0,38.0,0.2,0.045,7.0,0.0,Taj Bradley,RHP,18.0,0.35,RHB,0.34,0.07,0.2,0.55,9.0,out,75.0,50.0,0.97,Unknown Park,1.0,1.0,1.0,0,0,0.5,-105.0,0.12,0.5,mid,824760,
Pedro Pages,STL,R,5,0.5,42.0,10.0,40.0,38.0,0.2,0.045,7.0,0.0,Chris Paddack,RHP,18.0,0.35,RHB,0.34,0.07,0.2,0.55,9.0,out,75.0,50.0,0.97,Unknown Park,1.0,1.0,1.0,0,0,4.5,-105.0,0.12,0.5,early,824518,
Brooks Lee,MIN,R,5,0.5,42.0,10.0,40.0,38.0,0.2,0.045,7.0,0.0,Jovani Morán,LHP,18.0,0.35,RHB,0.34,0.07,0.2,0.55,9.0,out,75.0,50.0,0.97,Unknown Park,1.0,1.0,1.0,0,0,4.5,-105.0,0.12,0.5,mid,824760,
Will Brennan,SF,R,5,0.89,42.0,10.0,40.0,38.0,0.2,0.045,1.0,0.0,Bryan Hudson,LHP,18.0,0.35,RHB,0.34,0.07,0.2,0.55,9.0,out,75.0,50.0,0.97,Unknown Park,1.0,1.0,1.0,0,0,2.0,-105.0,0.12,0.5,mid,823222,
Zach Neto,LAA,R,5,0.1539,42.0,10.0,40.0,38.0,0.2,0.045,1.0,0.0,Nathan Eovaldi,RHP,18.0,0.35,RHB,0.34,0.07,0.2,0.55,9.0,out,75.0,50.0,0.97,Unknown Park,1.0,1.0,1.0,0,0,0.3111111111111111,-105.0,0.12,0.5,early,824030,
Victor Scott II,STL,R,5,0.5,42.0,10.0,40.0,38.0,0.2,0.045,7.0,0.0,Chris Paddack,RHP,18.0,0.35,RHB,0.34,0.07,0.2,0.55,9.0,out,75.0,50.0,0.97,Unknown Park,1.0,1.0,1.0,0,0,4.5,-105.0,0.12,0.5,early,824518,
Graham Pauley,MIA,R,5,0.445,42.0,10.0,40.0,38.0,0.2,0.045,1.0,0.0,Freddy Peralta,RHP,18.0,0.35,RHB,0.34,0.07,0.2,0.55,9.0,out,75.0,50.0,0.97,Unknown Park,1.0,1.0,1.0,0,0,1.0,-105.0,0.12,0.5,mid,823862,
Liam Hicks,MIA,R,5,0.6845,42.0,10.0,40.0,38.0,0.2,0.045,7.0,0.0,Freddy Peralta,RHP,18.0,0.35,RHB,0.34,0.07,0.2,0.55,9.0,out,75.0,50.0,0.97,Unknown Park,1.0,1.0,1.0,0,0,1.0,-105.0,0.12,0.5,mid,823862,
Jordan Walker,STL,R,5,0.5,42.0,10.0,40.0,38.0,0.2,0.045,7.0,0.0,Chris Paddack,RHP,18.0,0.35,RHB,0.34,0.07,0.2,0.55,9.0,out,75.0,50.0,0.97,Unknown Park,1.0,1.0,1.0,0,0,4.5,-105.0,0.12,0.5,early,824518,
Masyn Winn,STL,R,5,0.7200000000000001,42.0,10.0,40.0,38.0,0.33333333333333337,0.045,2.0,0.0,Chris Paddack,RHP,18.0,0.35,RHB,0.34,0.07,0.2,0.55,9.0,out,75.0,50.0,0.97,Unknown Park,1.0,1.0,1.0,0,0,1.6666666666666665,-105.0,0.12,0.5,early,824518,
Kyle Karros,COL,R,5,0.7695000000000001,42.0,10.0,40.0,38.0,0.2,0.045,1.0,0.0,Zac Gallen,RHP,18.0,0.35,RHB,0.34,0.07,0.2,0.55,9.0,out,75.0,50.0,0.97,Unknown Park,1.0,1.0,1.0,0,0,2.0,-105.0,0.12,0.5,early,825080,
Marcelo Mayer,BOS,R,5,0.5,42.0,10.0,40.0,38.0,0.2,0.045,7.0,0.0,Taj Bradley,RHP,18.0,0.35,RHB,0.34,0.07,0.2,0.55,9.0,out,75.0,50.0,0.97,Unknown Park,1.0,1.0,1.0,0,0,4.5,-105.0,0.12,0.5,mid,824760,
Blake Dunn,CIN,R,5,0.5,42.0,10.0,40.0,38.0,0.2,0.045,7.0,0.0,Andre Pallante,RHP,18.0,0.35,RHB,0.34,0.07,0.2,0.55,9.0,out,75.0,50.0,0.97,Unknown Park,1.0,1.0,1.0,0,0,4.5,-105.0,0.12,0.5,early,824518,
Nolan Schanuel,LAA,R,5,0.445,42.0,10.0,40.0,38.0,0.2,0.045,3.0,0.0,Nathan Eovaldi,RHP,18.0,0.35,RHB,0.34,0.07,0.2,0.55,9.0,out,75.0,50.0,0.97,Unknown Park,1.0,1.0,1.0,0,0,1.0,-105.0,0.12,0.5,early,824030,
Jac Caglianone,KC,R,5,0.5,42.0,10.0,40.0,38.0,0.2,0.045,7.0,0.0,George Kirby,RHP,18.0,0.35,RHB,0.34,0.07,0.2,0.55,9.0,out,75.0,50.0,0.97,Unknown Park,1.0,1.0,1.0,0,0,4.5,-105.0,0.12,0.5,mid,824109,
James Wood,WSH,R,5,0.7000000000000001,42.0,10.0,40.0,38.0,1.0,0.3333333333333333,1.0,1.0,Grant Holmes,RHP,18.0,0.35,RHB,0.34,0.07,0.2,0.55,9.0,out,75.0,50.0,0.97,Unknown Park,1.0,1.0,1.0,0,0,1.6666666666666665,-105.0,0.12,0.5,mid,824920,
Colson Montgomery,CWS,R,5,0.5,42.0,10.0,40.0,38.0,0.2,0.045,7.0,0.0,Adrian Houser,RHP,18.0,0.35,RHB,0.34,0.07,0.2,0.55,9.0,out,75.0,50.0,0.97,Unknown Park,1.0,1.0,1.0,0,0,4.5,-105.0,0.12,0.5,mid,823222,
Hunter Goodman,COL,R,5,0.4465555555555556,42.0,10.0,40.0,38.0,0.5,0.125,2.0,1.0,Zac Gallen,RHP,18.0,0.35,RHB,0.34,0.07,0.2,0.55,9.0,out,75.0,50.0,0.97,Unknown Park,1.0,1.0,1.0,0,0,1.0833333333333333,-105.0,0.12,0.5,early,825080,
Jacob Young,WSH,R,5,0.5,42.0,10.0,40.0,38.0,0.2,0.045,7.0,0.0,Grant Holmes,RHP,18.0,0.35,RHB,0.34,0.07,0.2,0.55,9.0,out,75.0,50.0,0.97,Unknown Park,1.0,1.0,1.0,0,0,4.5,-105.0,0.12,0.5,mid,824920,
Jose Fernandez,ARI,R,5,0.445,42.0,10.0,40.0,38.0,0.2,0.045,1.0,0.0,Michael Lorenzen,RHP,18.0,0.35,RHB,0.34,0.07,0.2,0.55,9.0,out,75.0,50.0,0.97,Unknown Park,1.0,1.0,1.0,0,0,0.8333333333333333,-105.0,0.12,0.5,early,825080,
Edgar Quero,CWS,R,5,0.5,42.0,10.0,40.0,38.0,0.2,0.045,7.0,0.0,Adrian Houser,RHP,18.0,0.35,RHB,0.34,0.07,0.2,0.55,9.0,out,75.0,50.0,0.97,Unknown Park,1.0,1.0,1.0,0,0,4.5,-105.0,0.12,0.5,mid,823222,
Kyle Manzardo,CLE,R,5,0.5,42.0,10.0,40.0,38.0,0.2,0.045,7.0,0.0,Zack Wheeler,RHP,18.0,0.35,RHB,0.34,0.07,0.2,0.55,9.0,out,75.0,50.0,0.97,Unknown Park,1.0,1.0,1.0,0,0,4.5,-105.0,0.12,0.5,mid,823458,
Cam Smith,HOU,R,5,1.0,42.0,10.0,40.0,38.0,1.5,0.5,1.0,1.0,Colin Rea,RHP,18.0,0.35,RHB,0.34,0.07,0.2,0.55,9.0,out,75.0,50.0,0.97,Unknown Park,1.0,1.0,1.0,0,0,2.5,-105.0,0.12,0.5,early,824674,
Sal Stewart,CIN,R,5,0.4326666666666667,42.0,10.0,40.0,38.0,0.2,0.045,7.0,0.0,Andre Pallante,RHP,18.0,0.35,RHB,0.34,0.07,0.2,0.55,9.0,out,75.0,50.0,0.97,Unknown Park,1.0,1.0,1.0,0,0,0.6666666666666666,-105.0,0.12,0.5,early,824518,
Caleb Durbin,BOS,R,5,0.5,42.0,10.0,40.0,38.0,0.2,0.045,7.0,0.0,Taj Bradley,RHP,18.0,0.35,RHB,0.34,0.07,0.2,0.55,9.0,out,75.0,50.0,0.97,Unknown Park,1.0,1.0,1.0,0,0,4.5,-105.0,0.12,0.5,mid,824760,
JJ Wetherholt,STL,R,5,0.6396666666666667,42.0,10.0,40.0,38.0,0.5,0.045,1.0,0.0,Chris Paddack,RHP,18.0,0.35,RHB,0.34,0.07,0.2,0.55,9.0,out,75.0,50.0,0.97,Unknown Park,1.0,1.0,1.0,0,0,1.6666666666666665,-105.0,0.12,0.5,early,824518,
Chase Meidroth,CWS,R,5,0.445,42.0,10.0,40.0,38.0,0.2,0.045,1.0,0.0,Adrian Houser,RHP,18.0,0.35,RHB,0.34,0.07,0.2,0.55,9.0,out,75.0,50.0,0.97,Unknown Park,1.0,1.0,1.0,0,0,1.0,-105.0,0.12,0.5,mid,823222,
Luke Keaschall,MIN,R,5,0.5,42.0,10.0,40.0,38.0,0.2,0.045,7.0,0.0,Jovani Morán,LHP,18.0,0.35,RHB,0.34,0.07,0.2,0.55,9.0,out,75.0,50.0,0.97,Unknown Park,1.0,1.0,1.0,0,0,4.5,-105.0,0.12,0.5,mid,824760,
Masataka Yoshida,BOS,R,5,0.5,42.0,10.0,40.0,38.0,0.2,0.045,2.0,0.0,Taj Bradley,RHP,18.0,0.35,RHB,0.34,0.07,0.2,0.55,9.0,out,75.0,50.0,0.97,Unknown Park,1.0,1.0,1.0,0,0,1.1,-105.0,0.12,0.5,mid,824760,
Ryan Waldschmidt,ARI,R,5,0.5,42.0,10.0,40.0,38.0,0.2,0.045,7.0,0.0,Michael Lorenzen,RHP,18.0,0.35,RHB,0.34,0.07,0.2,0.55,9.0,out,75.0,50.0,0.97,Unknown Park,1.0,1.0,1.0,0,0,4.5,-105.0,0.12,0.5,early,825080,
